"Subjects","Valence","Noise","Neighbourhood","Socioeconomic","Sex"
1,"Negative",0.01076778917,"Cumm","Middle","Male"
1,"Negative",0.01251330342,"Cumm","Middle","Male"
1,"Positive",0.01037287181,"Cumm","Middle","Male"
1,"Positive",0.00979400607,"Cumm","Middle","Male"
1,"Positive",0.01305880284,"Cumm","Middle","Male"
1,"Positive",0.02494113156,"Cumm","Middle","Male"
1,"Negative",0.01289854293,"Cumm","Middle","Male"
1,"Positive",0.0259308269,"Cumm","Middle","Male"
1,"Negative",0.02953245765,"Cumm","Middle","Male"
1,"Positive",0.01275461469,"Cumm","Middle","Male"
1,"Negative",0.01012014576,"Cumm","Middle","Male"
1,"Positive",0.02097921075,"Cumm","Middle","Male"
1,"Positive",0.01876108684,"Cumm","Middle","Male"
1,"Negative",0.0201916516,"Cumm","Middle","Male"
1,"Negative",0.01497895835,"Cumm","Middle","Male"
1,"Negative",0.01387684055,"Cumm","Middle","Male"
1,"Negative",0.01697710559,"Cumm","Middle","Male"
1,"Positive",0.01476637515,"Cumm","Middle","Male"
1,"Positive",0.01796480225,"Cumm","Middle","Male"
1,"Positive",0.01019631166,"Cumm","Middle","Male"
1,"Positive",0.01286311104,"Cumm","Middle","Male"
1,"Positive",0.01371127613,"Cumm","Middle","Male"
1,"Negative",0.02797568972,"Cumm","Middle","Male"
1,"Negative",0.03586175099,"Cumm","Middle","Male"
1,"Negative",0.01604365076,"Cumm","Middle","Male"
1,"Negative",0.0217190047,"Cumm","Middle","Male"
1,"Negative",0.0183808771,"Cumm","Middle","Male"
1,"Negative",0.0175826589,"Cumm","Middle","Male"
2,"Negative",0.01662789379,"Cumm","Middle","Male"
2,"Positive",0.01419847468,"Cumm","Middle","Male"
2,"Negative",0.006767965047,"Cumm","Middle","Male"
2,"Negative",0.01471279913,"Cumm","Middle","Male"
2,"Negative",0.02119753351,"Cumm","Middle","Male"
2,"Negative",0.005207237851,"Cumm","Middle","Male"
2,"Negative",0.01022465546,"Cumm","Middle","Male"
2,"Negative",0.02439359211,"Cumm","Middle","Male"
2,"Negative",0.0126481778,"Cumm","Middle","Male"
2,"Positive",0.01499203209,"Cumm","Middle","Male"
2,"Positive",0.0122868178,"Cumm","Middle","Male"
2,"Positive",0.01338318458,"Cumm","Middle","Male"
2,"Positive",0.007685055483,"Cumm","Middle","Male"
2,"Negative",0.01417375147,"Cumm","Middle","Male"
2,"Positive",0.01893960759,"Cumm","Middle","Male"
2,"Negative",0.01325702187,"Cumm","Middle","Male"
2,"Negative",0.007205451631,"Cumm","Middle","Male"
2,"Positive",0.01062199527,"Cumm","Middle","Male"
2,"Positive",0.04089602847,"Cumm","Middle","Male"
2,"Negative",0.02804929588,"Cumm","Middle","Male"
2,"Negative",0.02623950133,"Cumm","Middle","Male"
2,"Negative",0.03400916945,"Cumm","Middle","Male"
2,"Negative",0.02535732252,"Cumm","Middle","Male"
3,"Positive",0.01097206195,"Cumm","Middle","Female"
3,"Negative",0.002395929373,"Cumm","Middle","Female"
3,"Positive",0.01011347333,"Cumm","Middle","Female"
3,"Negative",0.007192613257,"Cumm","Middle","Female"
3,"Negative",0.01210848227,"Cumm","Middle","Female"
3,"Positive",0.009569152765,"Cumm","Middle","Female"
3,"Negative",0.003808773888,"Cumm","Middle","Female"
3,"Positive",0.004026529594,"Cumm","Middle","Female"
3,"Negative",0.01157294289,"Cumm","Middle","Female"
3,"Positive",0.01311028471,"Cumm","Middle","Female"
3,"Negative",0.01219800484,"Cumm","Middle","Female"
3,"Positive",0.002414711285,"Cumm","Middle","Female"
3,"Positive",0.007119247195,"Cumm","Middle","Female"
3,"Positive",0.002502292481,"Cumm","Middle","Female"
3,"Negative",0.004593233327,"Cumm","Middle","Female"
3,"Positive",0.01630021667,"Cumm","Middle","Female"
3,"Positive",0.005743819461,"Cumm","Middle","Female"
3,"Negative",0.01280167127,"Cumm","Middle","Female"
3,"Negative",0.01222030824,"Cumm","Middle","Female"
3,"Negative",0.01271374329,"Cumm","Middle","Female"
3,"Negative",0.0218272436,"Cumm","Middle","Female"
3,"Negative",0.006928872918,"Cumm","Middle","Female"
3,"Negative",0.01423335012,"Cumm","Middle","Female"
3,"Negative",0.009718499971,"Cumm","Middle","Female"
3,"Positive",0.00385125194,"Cumm","Middle","Female"
3,"Negative",0.016954829,"Cumm","Middle","Female"
4,"Negative",0.009964957376,"Cumm","Middle","Female"
4,"Positive",0.007002050911,"Cumm","Middle","Female"
4,"Positive",0.02519625052,"Cumm","Middle","Female"
4,"Positive",0.03519021763,"Cumm","Middle","Female"
4,"Positive",0.003627908055,"Cumm","Middle","Female"
4,"Negative",0.008051821451,"Cumm","Middle","Female"
4,"Positive",0.01678280009,"Cumm","Middle","Female"
4,"Positive",0.01544045737,"Cumm","Middle","Female"
4,"Positive",0.01098380601,"Cumm","Middle","Female"
4,"Positive",0.01526340438,"Cumm","Middle","Female"
4,"Positive",0.01294165139,"Cumm","Middle","Female"
4,"Negative",0.01350441058,"Cumm","Middle","Female"
4,"Positive",0.04087819432,"Cumm","Middle","Female"
4,"Negative",0.0116620868,"Cumm","Middle","Female"
4,"Negative",0.01728545054,"Cumm","Middle","Female"
4,"Positive",0.02209804477,"Cumm","Middle","Female"
4,"Positive",0.01286176271,"Cumm","Middle","Female"
4,"Positive",0.02297818495,"Cumm","Middle","Female"
4,"Positive",0.003260291895,"Cumm","Middle","Female"
4,"Positive",0.007910490396,"Cumm","Middle","Female"
4,"Negative",0.02187429825,"Cumm","Middle","Female"
4,"Positive",0.02396195578,"Cumm","Middle","Female"
4,"Positive",0.01413343065,"Cumm","Middle","Female"
4,"Negative",0.01105206954,"Cumm","Middle","Female"
4,"Positive",0.007585290077,"Cumm","Middle","Female"
4,"Positive",0.0176250051,"Cumm","Middle","Female"
4,"Positive",0.0178437363,"Cumm","Middle","Female"
4,"Positive",0.01063813066,"Cumm","Middle","Female"
4,"Negative",0.02713524904,"Cumm","Middle","Female"
4,"Negative",0.03340384693,"Cumm","Middle","Female"
4,"Positive",0.02849609732,"Cumm","Middle","Female"
4,"Negative",0.03913888482,"Cumm","Middle","Female"
4,"Positive",0.01733550948,"Cumm","Middle","Female"
4,"Negative",0.02391713227,"Cumm","Middle","Female"
4,"Positive",0.03896900811,"Cumm","Middle","Female"
4,"Positive",0.03057523426,"Cumm","Middle","Female"
4,"Negative",0.01704285117,"Cumm","Middle","Female"
5,"Negative",0.02242940575,"Cumm","Middle","Male"
5,"Positive",0.004426733389,"Cumm","Middle","Male"
5,"Negative",0.006113348507,"Cumm","Middle","Male"
5,"Positive",0.003870965504,"Cumm","Middle","Male"
5,"Negative",0.01301386868,"Cumm","Middle","Male"
5,"Negative",0.01108675024,"Cumm","Middle","Male"
5,"Positive",0.02095612088,"Cumm","Middle","Male"
5,"Positive",0.0083440005,"Cumm","Middle","Male"
5,"Negative",0.003422747613,"Cumm","Middle","Male"
5,"Negative",0.001921923941,"Cumm","Middle","Male"
5,"Negative",0.009473973658,"Cumm","Middle","Male"
5,"Positive",0.01037142853,"Cumm","Middle","Male"
5,"Negative",0.00250865756,"Cumm","Middle","Male"
5,"Negative",0.001346303635,"Cumm","Middle","Male"
5,"Negative",0.03590548907,"Cumm","Middle","Male"
5,"Negative",0.006575614471,"Cumm","Middle","Male"
5,"Positive",0.005310520752,"Cumm","Middle","Male"
5,"Positive",0.003089722003,"Cumm","Middle","Male"
5,"Negative",0.01207878188,"Cumm","Middle","Male"
5,"Negative",0.01374834527,"Cumm","Middle","Male"
5,"Negative",0.04893161544,"Cumm","Middle","Male"
5,"Negative",0.02107593302,"Cumm","Middle","Male"
5,"Negative",0.02101753127,"Cumm","Middle","Male"
5,"Positive",0.008194700283,"Cumm","Middle","Male"
5,"Positive",0.009979549292,"Cumm","Middle","Male"
5,"Positive",0.003136087602,"Cumm","Middle","Male"
5,"Positive",0.009988191252,"Cumm","Middle","Male"
5,"Negative",0.0138976911,"Cumm","Middle","Male"
5,"Positive",0.01095335143,"Cumm","Middle","Male"
5,"Positive",0.008454851289,"Cumm","Middle","Male"
5,"Positive",0.008045523661,"Cumm","Middle","Male"
5,"Positive",0.02023913453,"Cumm","Middle","Male"
5,"Positive",0.006001824716,"Cumm","Middle","Male"
5,"Negative",0.003940554485,"Cumm","Middle","Male"
5,"Positive",0.01094678387,"Cumm","Middle","Male"
5,"Positive",0.0104824837,"Cumm","Middle","Male"
5,"Negative",0.02624050017,"Cumm","Middle","Male"
5,"Positive",0.01595245116,"Cumm","Middle","Male"
5,"Negative",0.01770264416,"Cumm","Middle","Male"
5,"Negative",0.0104180609,"Cumm","Middle","Male"
5,"Negative",0.01983751635,"Cumm","Middle","Male"
5,"Positive",0.01766211068,"Cumm","Middle","Male"
5,"Negative",0.0115359438,"Cumm","Middle","Male"
5,"Positive",0.01227623509,"Cumm","Middle","Male"
5,"Positive",0.01987499291,"Cumm","Middle","Male"
5,"Positive",0.0041252951,"Cumm","Middle","Male"
6,"Negative",0.01844695305,"Cumm","Middle","Female"
6,"Positive",0.01463473153,"Cumm","Middle","Female"
6,"Positive",0.01323679938,"Cumm","Middle","Female"
6,"Positive",0.004249484085,"Cumm","Middle","Female"
6,"Positive",0.01485825288,"Cumm","Middle","Female"
6,"Negative",0.0127162445,"Cumm","Middle","Female"
6,"Positive",0.003592562864,"Cumm","Middle","Female"
6,"Positive",0.01792577987,"Cumm","Middle","Female"
6,"Positive",0.001712763845,"Cumm","Middle","Female"
6,"Positive",0.01187780701,"Cumm","Middle","Female"
6,"Positive",0.006811304825,"Cumm","Middle","Female"
6,"Positive",0.007540553511,"Cumm","Middle","Female"
6,"Positive",0.008321655246,"Cumm","Middle","Female"
6,"Positive",0.01087670141,"Cumm","Middle","Female"
6,"Negative",0.007272543563,"Cumm","Middle","Female"
6,"Positive",0.01280730598,"Cumm","Middle","Female"
6,"Positive",0.002622366747,"Cumm","Middle","Female"
6,"Positive",0.006705166618,"Cumm","Middle","Female"
6,"Negative",0.005271422762,"Cumm","Middle","Female"
6,"Negative",0.01294013569,"Cumm","Middle","Female"
6,"Positive",0.003681672395,"Cumm","Middle","Female"
6,"Positive",0.008382439511,"Cumm","Middle","Female"
6,"Negative",0.009477557984,"Cumm","Middle","Female"
6,"Positive",0.001597139111,"Cumm","Middle","Female"
6,"Positive",0.003123561966,"Cumm","Middle","Female"
6,"Positive",0.009014674728,"Cumm","Middle","Female"
6,"Positive",0.01203749921,"Cumm","Middle","Female"
6,"Positive",0.001993924523,"Cumm","Middle","Female"
6,"Positive",0.0118183784,"Cumm","Middle","Female"
6,"Positive",0.01767850963,"Cumm","Middle","Female"
6,"Negative",0.03056808496,"Cumm","Middle","Female"
6,"Negative",0.02464923472,"Cumm","Middle","Female"
6,"Negative",0.0079788336,"Cumm","Middle","Female"
6,"Negative",0.03071463387,"Cumm","Middle","Female"
6,"Positive",0.02763954236,"Cumm","Middle","Female"
6,"Positive",0.003346592445,"Cumm","Middle","Female"
7,"Negative",0.02030508926,"StaAna","Middle","Male"
7,"Negative",0.02228809996,"StaAna","Middle","Male"
7,"Positive",0.02435874158,"StaAna","Middle","Male"
7,"Negative",0.02143110103,"StaAna","Middle","Male"
7,"Negative",0.01812951235,"StaAna","Middle","Male"
7,"Positive",0.00380223062,"StaAna","Middle","Male"
7,"Negative",0.01559360243,"StaAna","Middle","Male"
7,"Negative",0.009659871491,"StaAna","Middle","Male"
7,"Positive",0.02920050344,"StaAna","Middle","Male"
7,"Negative",0.02558408462,"StaAna","Middle","Male"
7,"Negative",0.02417893698,"StaAna","Middle","Male"
7,"Positive",0.01216529514,"StaAna","Middle","Male"
7,"Negative",0.03022283022,"StaAna","Middle","Male"
7,"Negative",0.01459813368,"StaAna","Middle","Male"
7,"Negative",0.007922570894,"StaAna","Middle","Male"
7,"Positive",0.01160548312,"StaAna","Middle","Male"
7,"Negative",0.04225247166,"StaAna","Middle","Male"
7,"Negative",0.005113896134,"StaAna","Middle","Male"
8,"Negative",0.03889146369,"StaAna","Middle","Female"
8,"Negative",0.04677809643,"StaAna","Middle","Female"
8,"Negative",0.04807567435,"StaAna","Middle","Female"
8,"Negative",0.03347219944,"StaAna","Middle","Female"
8,"Negative",0.0204733397,"StaAna","Middle","Female"
8,"Negative",0.03024450799,"StaAna","Middle","Female"
8,"Positive",0.04341956225,"StaAna","Middle","Female"
8,"Negative",0.03992467569,"StaAna","Middle","Female"
8,"Positive",0.03563769623,"StaAna","Middle","Female"
8,"Negative",0.03853178906,"StaAna","Middle","Female"
8,"Positive",0.02383167505,"StaAna","Middle","Female"
8,"Positive",0.02589608469,"StaAna","Middle","Female"
8,"Negative",0.05297187562,"StaAna","Middle","Female"
8,"Negative",0.02942254285,"StaAna","Middle","Female"
8,"Positive",0.0327561185,"StaAna","Middle","Female"
8,"Positive",0.03920704195,"StaAna","Middle","Female"
8,"Positive",0.01215153035,"StaAna","Middle","Female"
8,"Negative",0.01328238593,"StaAna","Middle","Female"
8,"Positive",0.02484385498,"StaAna","Middle","Female"
8,"Positive",0.02104100737,"StaAna","Middle","Female"
8,"Positive",0.04062523463,"StaAna","Middle","Female"
8,"Negative",0.01914305869,"StaAna","Middle","Female"
8,"Positive",0.0338418178,"StaAna","Middle","Female"
8,"Negative",0.01850842704,"StaAna","Middle","Female"
8,"Negative",0.01516188382,"StaAna","Middle","Female"
9,"Negative",0.02303700626,"StaAna","Middle","Female"
9,"Negative",0.02037381317,"StaAna","Middle","Female"
9,"Negative",0.0234482536,"StaAna","Middle","Female"
9,"Negative",0.03640629117,"StaAna","Middle","Female"
9,"Negative",0.0322140049,"StaAna","Middle","Female"
9,"Negative",0.02947830994,"StaAna","Middle","Female"
9,"Negative",0.01968557829,"StaAna","Middle","Female"
9,"Negative",0.03207570811,"StaAna","Middle","Female"
9,"Negative",0.03068589264,"StaAna","Middle","Female"
9,"Positive",0.03923480153,"StaAna","Middle","Female"
9,"Positive",0.02534446865,"StaAna","Middle","Female"
9,"Negative",0.03653688166,"StaAna","Middle","Female"
9,"Negative",0.02824619046,"StaAna","Middle","Female"
9,"Negative",0.0396123734,"StaAna","Middle","Female"
10,"Negative",0.02259345784,"StaAna","Middle","Male"
10,"Negative",0.009573654759,"StaAna","Middle","Male"
10,"Negative",0.009357920259,"StaAna","Middle","Male"
10,"Negative",0.004942342988,"StaAna","Middle","Male"
10,"Negative",0.02143690786,"StaAna","Middle","Male"
10,"Negative",0.00438808117,"StaAna","Middle","Male"
10,"Positive",0.00721845557,"StaAna","Middle","Male"
10,"Negative",0.00856513471,"StaAna","Middle","Male"
10,"Negative",0.009142158989,"StaAna","Middle","Male"
10,"Negative",0.01342949484,"StaAna","Middle","Male"
10,"Negative",0.01019244645,"StaAna","Middle","Male"
10,"Positive",0.005446700771,"StaAna","Middle","Male"
10,"Negative",0.05209911769,"StaAna","Middle","Male"
10,"Positive",0.002759775351,"StaAna","Middle","Male"
10,"Negative",0.01116245255,"StaAna","Middle","Male"
10,"Positive",0.009654688534,"StaAna","Middle","Male"
10,"Positive",0.004627388742,"StaAna","Middle","Male"
10,"Positive",0.006103886972,"StaAna","Middle","Male"
10,"Negative",0.01208540209,"StaAna","Middle","Male"
11,"Negative",0.0432850066,"StaAna","Middle","Male"
11,"Positive",0.01974747675,"StaAna","Middle","Male"
11,"Positive",0.02359213298,"StaAna","Middle","Male"
11,"Negative",0.01636660978,"StaAna","Middle","Male"
11,"Positive",0.02129423758,"StaAna","Middle","Male"
11,"Negative",0.03689104769,"StaAna","Middle","Male"
11,"Negative",0.01957271489,"StaAna","Middle","Male"
11,"Negative",0.04752939961,"StaAna","Middle","Male"
11,"Positive",0.02753298303,"StaAna","Middle","Male"
11,"Positive",0.0090763276,"StaAna","Middle","Male"
11,"Positive",0.01014125173,"StaAna","Middle","Male"
11,"Positive",0.01414047084,"StaAna","Middle","Male"
11,"Negative",0.007529753561,"StaAna","Middle","Male"
12,"Negative",0.03353483907,"StaAna","Middle","Female"
12,"Negative",0.02985025851,"StaAna","Middle","Female"
12,"Positive",0.01943189546,"StaAna","Middle","Female"
12,"Negative",0.04279481535,"StaAna","Middle","Female"
12,"Negative",0.02081580069,"StaAna","Middle","Female"
12,"Negative",0.03307569489,"StaAna","Middle","Female"
12,"Negative",0.02252861739,"StaAna","Middle","Female"
12,"Negative",0.01822026255,"StaAna","Middle","Female"
12,"Positive",0.01803668931,"StaAna","Middle","Female"
12,"Negative",0.01905439255,"StaAna","Middle","Female"
12,"Negative",0.01901328409,"StaAna","Middle","Female"
12,"Negative",0.02153545051,"StaAna","Middle","Female"
12,"Negative",0.03958923583,"StaAna","Middle","Female"
13,"Positive",0.01650055114,"Colon","High","Male"
13,"Negative",0.0162956105,"Colon","High","Male"
13,"Positive",0.02296970943,"Colon","High","Male"
13,"Positive",0.02036055959,"Colon","High","Male"
13,"Negative",0.02499202964,"Colon","High","Male"
13,"Positive",0.01351823019,"Colon","High","Male"
13,"Positive",0.00816960378,"Colon","High","Male"
13,"Positive",0.01139183805,"Colon","High","Male"
13,"Positive",0.005993203186,"Colon","High","Male"
13,"Negative",0.02166264257,"Colon","High","Male"
13,"Negative",0.008652426332,"Colon","High","Male"
13,"Negative",0.02807830213,"Colon","High","Male"
13,"Negative",0.02105786366,"Colon","High","Male"
13,"Negative",0.01700510102,"Colon","High","Male"
13,"Positive",0.02075587798,"Colon","High","Male"
13,"Negative",0.01036945663,"Colon","High","Male"
13,"Negative",0.04368350879,"Colon","High","Male"
13,"Positive",0.04820662529,"Colon","High","Male"
13,"Positive",0.0571119946,"Colon","High","Male"
13,"Negative",0.03059620073,"Colon","High","Male"
13,"Negative",0.02179841494,"Colon","High","Male"
13,"Negative",0.02334682456,"Colon","High","Male"
14,"Positive",0.002299649653,"Colon","High","Female"
14,"Positive",0.002500944003,"Colon","High","Female"
14,"Positive",0.005467493423,"Colon","High","Female"
14,"Negative",0.01821090832,"Colon","High","Female"
14,"Positive",0.003989261639,"Colon","High","Female"
14,"Positive",0.001533163987,"Colon","High","Female"
14,"Positive",0.008151225833,"Colon","High","Female"
14,"Negative",0.02156497306,"Colon","High","Female"
14,"Negative",0.01815698241,"Colon","High","Female"
14,"Positive",0.007623980344,"Colon","High","Female"
14,"Negative",0.02487426784,"Colon","High","Female"
14,"Negative",0.03504427702,"Colon","High","Female"
14,"Negative",0.03982986958,"Colon","High","Female"
14,"Negative",0.01388625432,"Colon","High","Female"
15,"Positive",0.02610546025,"Colon","High","Female"
15,"Positive",0.01694452891,"Colon","High","Female"
15,"Positive",0.01217775242,"Colon","High","Female"
15,"Negative",0.01171024847,"Colon","High","Female"
15,"Negative",0.01747870568,"Colon","High","Female"
15,"Positive",0.00993861809,"Colon","High","Female"
15,"Positive",0.02689077571,"Colon","High","Female"
15,"Positive",0.02644386251,"Colon","High","Female"
15,"Positive",0.02527423918,"Colon","High","Female"
15,"Positive",0.01446757473,"Colon","High","Female"
15,"Negative",0.00959580447,"Colon","High","Female"
15,"Positive",0.01918380169,"Colon","High","Female"
15,"Negative",0.02528513563,"Colon","High","Female"
15,"Negative",0.01563720909,"Colon","High","Female"
16,"Positive",0.01210447041,"Colon","High","Female"
16,"Negative",0.02230126971,"Colon","High","Female"
16,"Positive",0.01493067189,"Colon","High","Female"
16,"Negative",0.02002419945,"Colon","High","Female"
16,"Negative",0.01461777654,"Colon","High","Female"
16,"Negative",0.02226202873,"Colon","High","Female"
16,"Negative",0.01266065693,"Colon","High","Female"
16,"Positive",0.01446242577,"Colon","High","Female"
16,"Positive",0.01152438523,"Colon","High","Female"
16,"Positive",0.01061105044,"Colon","High","Female"
16,"Negative",0.01146501201,"Colon","High","Female"
16,"Positive",0.01419260585,"Colon","High","Female"
16,"Positive",0.008697463858,"Colon","High","Female"
16,"Positive",0.009894204679,"Colon","High","Female"
16,"Negative",0.02037146979,"Colon","High","Female"
16,"Negative",0.01833454363,"Colon","High","Female"
16,"Negative",0.04100651426,"Colon","High","Female"
16,"Negative",0.01758764213,"Colon","High","Female"
16,"Negative",0.02955584119,"Colon","High","Female"
16,"Negative",0.05121231616,"Colon","High","Female"
16,"Negative",0.03560902166,"Colon","High","Female"
17,"Positive",0.0204086925,"Colon","High","Male"
17,"Positive",0.01617459795,"Colon","High","Male"
17,"Positive",0.01386224782,"Colon","High","Male"
17,"Positive",0.00743856673,"Colon","High","Male"
17,"Positive",0.01086197117,"Colon","High","Male"
17,"Negative",0.01195847885,"Colon","High","Male"
17,"Positive",0.009145566111,"Colon","High","Male"
17,"Positive",0.006312808985,"Colon","High","Male"
17,"Negative",0.01324303946,"Colon","High","Male"
17,"Positive",0.004639293636,"Colon","High","Male"
17,"Positive",0.00482019231,"Colon","High","Male"
17,"Positive",0.0111672514,"Colon","High","Male"
17,"Negative",0.01036367313,"Colon","High","Male"
17,"Positive",0.01442515508,"Colon","High","Male"
17,"Negative",0.04465608042,"Colon","High","Male"
17,"Negative",0.0367938833,"Colon","High","Male"
17,"Negative",0.01454129951,"Colon","High","Male"
17,"Negative",0.03621903071,"Colon","High","Male"
18,"Positive",0.01140941188,"Colon","High","Male"
18,"Negative",0.01398158378,"Colon","High","Male"
18,"Positive",0.006668250975,"Colon","High","Male"
18,"Positive",0.015043963,"Colon","High","Male"
18,"Positive",0.02288745715,"Colon","High","Male"
18,"Negative",0.01547205026,"Colon","High","Male"
18,"Positive",0.01735595815,"Colon","High","Male"
18,"Negative",0.01619347177,"Colon","High","Male"
18,"Negative",0.0166816913,"Colon","High","Male"
18,"Positive",0.01550686904,"Colon","High","Male"
18,"Positive",0.01667446531,"Colon","High","Male"
18,"Positive",0.01951601192,"Colon","High","Male"
18,"Positive",0.007823181065,"Colon","High","Male"
18,"Positive",0.01093064506,"Colon","High","Male"
18,"Positive",0.003272628965,"Colon","High","Male"
18,"Negative",0.03447269659,"Colon","High","Male"
18,"Negative",0.01865560622,"Colon","High","Male"
18,"Positive",0.01474703308,"Colon","High","Male"
18,"Negative",0.02168866958,"Colon","High","Male"
18,"Positive",0.01456590157,"Colon","High","Male"
18,"Positive",0.03439254596,"Colon","High","Male"
18,"Positive",0.02384062837,"Colon","High","Male"
18,"Negative",0.02409220653,"Colon","High","Male"
19,"Negative",0.02229360783,"Bilbao","High","Male"
19,"Positive",0.02163107859,"Bilbao","High","Male"
19,"Positive",0.02415792299,"Bilbao","High","Male"
19,"Positive",0.009014669422,"Bilbao","High","Male"
19,"Positive",0.009100284536,"Bilbao","High","Male"
19,"Positive",0.01700738129,"Bilbao","High","Male"
19,"Positive",0.003842298564,"Bilbao","High","Male"
19,"Positive",0.0151823324,"Bilbao","High","Male"
19,"Positive",0.01046580198,"Bilbao","High","Male"
19,"Negative",0.01892247084,"Bilbao","High","Male"
19,"Negative",0.01547859257,"Bilbao","High","Male"
19,"Negative",0.01835190798,"Bilbao","High","Male"
19,"Negative",0.01824563679,"Bilbao","High","Male"
19,"Negative",0.02095564937,"Bilbao","High","Male"
19,"Negative",0.02422982969,"Bilbao","High","Male"
19,"Negative",0.07192577556,"Bilbao","High","Male"
19,"Negative",0.01472536516,"Bilbao","High","Male"
19,"Negative",0.03000215695,"Bilbao","High","Male"
20,"Positive",0.0321421852,"Bilbao","High","Male"
20,"Positive",0.03111769749,"Bilbao","High","Male"
20,"Positive",0.007728289691,"Bilbao","High","Male"
20,"Positive",0.009460152013,"Bilbao","High","Male"
20,"Positive",0.01738033388,"Bilbao","High","Male"
20,"Negative",0.01934150941,"Bilbao","High","Male"
20,"Positive",0.01088066995,"Bilbao","High","Male"
20,"Positive",0.004527523621,"Bilbao","High","Male"
20,"Positive",0.008903248024,"Bilbao","High","Male"
20,"Negative",0.008936677565,"Bilbao","High","Male"
20,"Positive",0.007737592092,"Bilbao","High","Male"
20,"Positive",0.01301360573,"Bilbao","High","Male"
20,"Negative",0.02398503639,"Bilbao","High","Male"
20,"Negative",0.02717632464,"Bilbao","High","Male"
20,"Positive",0.01619786422,"Bilbao","High","Male"
20,"Negative",0.01956762543,"Bilbao","High","Male"
20,"Negative",0.01324540724,"Bilbao","High","Male"
20,"Negative",0.03430871433,"Bilbao","High","Male"
20,"Negative",0.03410663104,"Bilbao","High","Male"
21,"Negative",0.03212002799,"Bilbao","High","Male"
21,"Positive",0.02644481264,"Bilbao","High","Male"
21,"Negative",0.01294363608,"Bilbao","High","Male"
21,"Positive",0.01281973405,"Bilbao","High","Male"
21,"Positive",0.01252348377,"Bilbao","High","Male"
21,"Positive",0.002863679149,"Bilbao","High","Male"
21,"Positive",0.004764227927,"Bilbao","High","Male"
21,"Positive",0.01620129174,"Bilbao","High","Male"
21,"Positive",0.01278104548,"Bilbao","High","Male"
21,"Negative",0.01174437542,"Bilbao","High","Male"
21,"Positive",0.02852531718,"Bilbao","High","Male"
21,"Positive",0.02485203084,"Bilbao","High","Male"
21,"Positive",0.02156015331,"Bilbao","High","Male"
21,"Positive",0.02151178115,"Bilbao","High","Male"
21,"Negative",0.02314123633,"Bilbao","High","Male"
21,"Positive",0.0406156381,"Bilbao","High","Male"
21,"Negative",0.0345360091,"Bilbao","High","Male"
21,"Positive",0.02285130346,"Bilbao","High","Male"
22,"Positive",0.01185260066,"Bilbao","High","Female"
22,"Positive",0.01621546407,"Bilbao","High","Female"
22,"Positive",0.01720182863,"Bilbao","High","Female"
22,"Positive",0.003617439216,"Bilbao","High","Female"
22,"Positive",0.01158500072,"Bilbao","High","Female"
22,"Negative",0.02211307428,"Bilbao","High","Female"
22,"Positive",0.01385645759,"Bilbao","High","Female"
22,"Positive",0.02112620146,"Bilbao","High","Female"
22,"Positive",0.02580967261,"Bilbao","High","Female"
22,"Negative",0.06487290643,"Bilbao","High","Female"
22,"Positive",0.01742378343,"Bilbao","High","Female"
22,"Negative",0.04993507915,"Bilbao","High","Female"
22,"Positive",0.05180084404,"Bilbao","High","Female"
23,"Positive",0.04025205264,"Bilbao","High","Female"
23,"Positive",0.02478207827,"Bilbao","High","Female"
23,"Positive",0.02984823518,"Bilbao","High","Female"
23,"Negative",0.01699260945,"Bilbao","High","Female"
23,"Negative",0.02580440407,"Bilbao","High","Female"
23,"Positive",0.01608127213,"Bilbao","High","Female"
23,"Negative",0.01934820903,"Bilbao","High","Female"
23,"Positive",0.03443109906,"Bilbao","High","Female"
23,"Positive",0.0117863895,"Bilbao","High","Female"
23,"Negative",0.01466158655,"Bilbao","High","Female"
23,"Positive",0.02126383619,"Bilbao","High","Female"
23,"Negative",0.0105987433,"Bilbao","High","Female"
23,"Positive",0.01605424292,"Bilbao","High","Female"
23,"Negative",0.004048772237,"Bilbao","High","Female"
23,"Negative",0.01060590487,"Bilbao","High","Female"
23,"Positive",0.005682472757,"Bilbao","High","Female"
23,"Negative",0.01165774914,"Bilbao","High","Female"
23,"Positive",0.02610292422,"Bilbao","High","Female"
23,"Negative",0.03385696376,"Bilbao","High","Female"
23,"Negative",0.01254161582,"Bilbao","High","Female"
23,"Negative",0.03556705218,"Bilbao","High","Female"
23,"Negative",0.04789959523,"Bilbao","High","Female"
23,"Negative",0.04670045382,"Bilbao","High","Female"
23,"Positive",0.03455449494,"Bilbao","High","Female"
23,"Positive",0.03184279977,"Bilbao","High","Female"
24,"Positive",0.01394762064,"Bilbao","High","Female"
24,"Negative",0.01759045948,"Bilbao","High","Female"
24,"Positive",0.02970641536,"Bilbao","High","Female"
24,"Negative",0.01405281329,"Bilbao","High","Female"
24,"Negative",0.01699255333,"Bilbao","High","Female"
24,"Negative",0.009145749205,"Bilbao","High","Female"
24,"Positive",0.01045156052,"Bilbao","High","Female"
24,"Positive",0.006059899608,"Bilbao","High","Female"
24,"Positive",0.01255567974,"Bilbao","High","Female"
24,"Positive",0.006853524234,"Bilbao","High","Female"
24,"Positive",0.01566575963,"Bilbao","High","Female"
24,"Negative",0.01685231443,"Bilbao","High","Female"
24,"Positive",0.01406184598,"Bilbao","High","Female"
24,"Negative",0.006961361996,"Bilbao","High","Female"
24,"Positive",0.014009246,"Bilbao","High","Female"
24,"Positive",0.009369161677,"Bilbao","High","Female"
24,"Negative",0.007802059203,"Bilbao","High","Female"
24,"Negative",0.01191250495,"Bilbao","High","Female"
24,"Negative",0.005987518666,"Bilbao","High","Female"
24,"Negative",0.009452301601,"Bilbao","High","Female"
24,"Positive",0.01018368233,"Bilbao","High","Female"
24,"Positive",0.01148179425,"Bilbao","High","Female"
24,"Negative",0.01615966964,"Bilbao","High","Female"
24,"Positive",0.01697646008,"Bilbao","High","Female"
24,"Negative",0.04038233819,"Bilbao","High","Female"
24,"Negative",0.04936242973,"Bilbao","High","Female"
24,"Negative",0.01798082864,"Bilbao","High","Female"
24,"Negative",0.03105687097,"Bilbao","High","Female"
24,"Negative",0.04283037346,"Bilbao","High","Female"
24,"Negative",0.03569250787,"Bilbao","High","Female"
24,"Positive",0.03586576976,"Bilbao","High","Female"
25,"Negative",0.004560854057,"Ecuador","Low","Male"
25,"Negative",0.001346601968,"Ecuador","Low","Male"
25,"Negative",0.008568693511,"Ecuador","Low","Male"
25,"Negative",0.006403372853,"Ecuador","Low","Male"
25,"Negative",0.009756105707,"Ecuador","Low","Male"
25,"Negative",0.007374234811,"Ecuador","Low","Male"
25,"Negative",0.005556653054,"Ecuador","Low","Male"
25,"Negative",0.008014385541,"Ecuador","Low","Male"
25,"Negative",0.00842619623,"Ecuador","Low","Male"
25,"Negative",0.01415992415,"Ecuador","Low","Male"
25,"Negative",0.02025066416,"Ecuador","Low","Male"
25,"Negative",0.02220953371,"Ecuador","Low","Male"
25,"Negative",0.01422237633,"Ecuador","Low","Male"
25,"Negative",0.01520740441,"Ecuador","Low","Male"
25,"Negative",0.0267361364,"Ecuador","Low","Male"
25,"Negative",0.008536176629,"Ecuador","Low","Male"
25,"Negative",0.008109380768,"Ecuador","Low","Male"
25,"Positive",0.04126080408,"Ecuador","Low","Male"
25,"Negative",0.02218001733,"Ecuador","Low","Male"
25,"Positive",0.0229132522,"Ecuador","Low","Male"
25,"Negative",0.02588737645,"Ecuador","Low","Male"
25,"Negative",0.02125083838,"Ecuador","Low","Male"
25,"Negative",0.007106334799,"Ecuador","Low","Male"
25,"Negative",0.01232673896,"Ecuador","Low","Male"
25,"Positive",0.03012401082,"Ecuador","Low","Male"
25,"Negative",0.01032559716,"Ecuador","Low","Male"
25,"Negative",0.01480305208,"Ecuador","Low","Male"
25,"Negative",0.03440245238,"Ecuador","Low","Male"
25,"Negative",0.04156040251,"Ecuador","Low","Male"
25,"Positive",0.04766023484,"Ecuador","Low","Male"
26,"Negative",0.01454557194,"Ecuador","Low","Male"
26,"Negative",0.02951285699,"Ecuador","Low","Male"
26,"Negative",0.02884175604,"Ecuador","Low","Male"
26,"Positive",0.02195731173,"Ecuador","Low","Male"
26,"Positive",0.03901713807,"Ecuador","Low","Male"
26,"Negative",0.01679201191,"Ecuador","Low","Male"
26,"Positive",0.01951160076,"Ecuador","Low","Male"
26,"Positive",0.03271718564,"Ecuador","Low","Male"
26,"Negative",0.02666186868,"Ecuador","Low","Male"
26,"Positive",0.03941746793,"Ecuador","Low","Male"
26,"Negative",0.01359240571,"Ecuador","Low","Male"
26,"Positive",0.0113469,"Ecuador","Low","Male"
26,"Positive",0.03145556505,"Ecuador","Low","Male"
26,"Negative",0.04528237426,"Ecuador","Low","Male"
26,"Positive",0.06943924942,"Ecuador","Low","Male"
26,"Positive",0.08615306593,"Ecuador","Low","Male"
26,"Negative",0.03614320745,"Ecuador","Low","Male"
26,"Negative",0.06194813548,"Ecuador","Low","Male"
26,"Positive",0.0273787962,"Ecuador","Low","Male"
26,"Positive",0.03600871407,"Ecuador","Low","Male"
27,"Negative",0.01089250763,"Ecuador","Low","Male"
27,"Positive",0.02279749037,"Ecuador","Low","Male"
27,"Negative",0.02286150868,"Ecuador","Low","Male"
27,"Negative",0.02240997496,"Ecuador","Low","Male"
27,"Negative",0.01389976142,"Ecuador","Low","Male"
27,"Negative",0.02502212964,"Ecuador","Low","Male"
27,"Negative",0.0256488363,"Ecuador","Low","Male"
27,"Negative",0.02434291607,"Ecuador","Low","Male"
27,"Negative",0.01562264022,"Ecuador","Low","Male"
27,"Positive",0.05009874831,"Ecuador","Low","Male"
27,"Positive",0.05206153709,"Ecuador","Low","Male"
27,"Negative",0.008819681151,"Ecuador","Low","Male"
27,"Positive",0.03048771569,"Ecuador","Low","Male"
27,"Negative",0.007033466995,"Ecuador","Low","Male"
27,"Negative",0.008161122057,"Ecuador","Low","Male"
27,"Negative",0.02153702523,"Ecuador","Low","Male"
27,"Positive",0.03869845937,"Ecuador","Low","Male"
27,"Negative",0.03486855221,"Ecuador","Low","Male"
27,"Negative",0.03543662043,"Ecuador","Low","Male"
27,"Positive",0.03618083571,"Ecuador","Low","Male"
27,"Negative",0.0299755143,"Ecuador","Low","Male"
27,"Negative",0.0246177243,"Ecuador","Low","Male"
27,"Negative",0.03900534378,"Ecuador","Low","Male"
27,"Positive",0.04209247495,"Ecuador","Low","Male"
27,"Positive",0.03786611125,"Ecuador","Low","Male"
27,"Positive",0.03517362708,"Ecuador","Low","Male"
27,"Negative",0.04566037552,"Ecuador","Low","Male"
27,"Negative",0.03440511059,"Ecuador","Low","Male"
27,"Negative",0.0518559578,"Ecuador","Low","Male"
27,"Negative",0.07395633101,"Ecuador","Low","Male"
27,"Negative",0.04518184657,"Ecuador","Low","Male"
27,"Positive",0.04267239498,"Ecuador","Low","Male"
27,"Positive",0.04909007776,"Ecuador","Low","Male"
28,"Negative",0.03228966369,"Ecuador","Low","Female"
28,"Negative",0.02056736607,"Ecuador","Low","Female"
28,"Negative",0.07325464182,"Ecuador","Low","Female"
28,"Positive",0.01946776109,"Ecuador","Low","Female"
28,"Negative",0.06963915006,"Ecuador","Low","Female"
28,"Negative",0.102822021,"Ecuador","Low","Female"
28,"Negative",0.07141752389,"Ecuador","Low","Female"
28,"Negative",0.02175008037,"Ecuador","Low","Female"
28,"Negative",0.03263733865,"Ecuador","Low","Female"
28,"Negative",0.09264903254,"Ecuador","Low","Female"
28,"Negative",0.05730606168,"Ecuador","Low","Female"
28,"Negative",0.04852416219,"Ecuador","Low","Female"
29,"Negative",0.007513965074,"Ecuador","Low","Female"
29,"Negative",0.03130297852,"Ecuador","Low","Female"
29,"Negative",0.01597770955,"Ecuador","Low","Female"
29,"Positive",0.02738335653,"Ecuador","Low","Female"
29,"Negative",0.01405681255,"Ecuador","Low","Female"
29,"Positive",0.03741177587,"Ecuador","Low","Female"
29,"Positive",0.0206167282,"Ecuador","Low","Female"
29,"Positive",0.050122323,"Ecuador","Low","Female"
29,"Negative",0.02930697503,"Ecuador","Low","Female"
29,"Negative",0.03981985472,"Ecuador","Low","Female"
29,"Negative",0.02732149882,"Ecuador","Low","Female"
29,"Negative",0.03775233102,"Ecuador","Low","Female"
29,"Negative",0.0242884076,"Ecuador","Low","Female"
29,"Negative",0.03905784059,"Ecuador","Low","Female"
30,"Positive",0.03066572028,"Ecuador","Low","Female"
30,"Negative",0.0189989844,"Ecuador","Low","Female"
30,"Negative",0.02212829519,"Ecuador","Low","Female"
30,"Negative",0.05924181362,"Ecuador","Low","Female"
30,"Positive",0.02078650818,"Ecuador","Low","Female"
30,"Positive",0.04576228774,"Ecuador","Low","Female"
30,"Positive",0.07277710139,"Ecuador","Low","Female"
30,"Positive",0.07035466385,"Ecuador","Low","Female"
30,"Negative",0.06228889553,"Ecuador","Low","Female"
30,"Positive",0.02196543743,"Ecuador","Low","Female"
30,"Positive",0.06672121963,"Ecuador","Low","Female"
30,"Positive",0.03214430055,"Ecuador","Low","Female"
30,"Positive",0.0517524867,"Ecuador","Low","Female"
30,"Positive",0.04286958469,"Ecuador","Low","Female"
30,"Negative",0.04547238502,"Ecuador","Low","Female"
30,"Negative",0.08333030188,"Ecuador","Low","Female"
31,"Positive",0.006665216855,"Hurtado","Low","Male"
31,"Negative",0.01462110137,"Hurtado","Low","Male"
31,"Positive",0.004658814255,"Hurtado","Low","Male"
31,"Negative",0.02522741016,"Hurtado","Low","Male"
31,"Negative",0.01477576715,"Hurtado","Low","Male"
31,"Negative",0.01422964477,"Hurtado","Low","Male"
31,"Negative",0.03058059834,"Hurtado","Low","Male"
31,"Negative",0.0221948659,"Hurtado","Low","Male"
31,"Negative",0.01583214843,"Hurtado","Low","Male"
31,"Negative",0.01539547392,"Hurtado","Low","Male"
31,"Negative",0.02057367715,"Hurtado","Low","Male"
31,"Negative",0.01759606196,"Hurtado","Low","Male"
31,"Negative",0.03837821352,"Hurtado","Low","Male"
32,"Negative",0.009384269204,"Hurtado","Low","Female"
32,"Negative",0.03542108494,"Hurtado","Low","Female"
32,"Positive",0.04768381869,"Hurtado","Low","Female"
32,"Negative",0.07376476738,"Hurtado","Low","Female"
32,"Negative",0.04603403499,"Hurtado","Low","Female"
32,"Negative",0.0351393931,"Hurtado","Low","Female"
32,"Negative",0.009847831107,"Hurtado","Low","Female"
32,"Negative",0.02005201064,"Hurtado","Low","Female"
32,"Negative",0.01817230088,"Hurtado","Low","Female"
32,"Negative",0.02099540821,"Hurtado","Low","Female"
32,"Negative",0.03678222928,"Hurtado","Low","Female"
32,"Negative",0.02996896067,"Hurtado","Low","Female"
32,"Negative",0.0284424342,"Hurtado","Low","Female"
32,"Negative",0.02813980902,"Hurtado","Low","Female"
32,"Negative",0.03173260185,"Hurtado","Low","Female"
32,"Negative",0.02898006571,"Hurtado","Low","Female"
32,"Negative",0.01625932308,"Hurtado","Low","Female"
32,"Negative",0.02750442786,"Hurtado","Low","Female"
32,"Negative",0.02838247873,"Hurtado","Low","Female"
32,"Negative",0.03605352663,"Hurtado","Low","Female"
32,"Negative",0.02311396801,"Hurtado","Low","Female"
33,"Negative",0.05233127211,"Hurtado","Low","Male"
33,"Negative",0.02752003722,"Hurtado","Low","Male"
33,"Negative",0.0189731608,"Hurtado","Low","Male"
33,"Negative",0.01571055136,"Hurtado","Low","Male"
33,"Negative",0.007873726548,"Hurtado","Low","Male"
33,"Negative",0.0321620598,"Hurtado","Low","Male"
33,"Negative",0.02449647617,"Hurtado","Low","Male"
33,"Negative",0.01884638589,"Hurtado","Low","Male"
33,"Negative",0.009175315705,"Hurtado","Low","Male"
33,"Negative",0.02690218684,"Hurtado","Low","Male"
33,"Negative",0.03111362027,"Hurtado","Low","Male"
33,"Negative",0.04977576532,"Hurtado","Low","Male"
33,"Negative",0.01592683182,"Hurtado","Low","Male"
33,"Negative",0.04478470582,"Hurtado","Low","Male"
33,"Negative",0.03802673236,"Hurtado","Low","Male"
33,"Negative",0.0344279231,"Hurtado","Low","Male"
34,"Positive",0.05052229473,"Hurtado","Low","Female"
34,"Negative",0.01975796519,"Hurtado","Low","Female"
34,"Negative",0.05246116579,"Hurtado","Low","Female"
34,"Negative",0.01738344303,"Hurtado","Low","Female"
34,"Negative",0.02955286879,"Hurtado","Low","Female"
34,"Negative",0.02243360392,"Hurtado","Low","Female"
34,"Negative",0.03515745539,"Hurtado","Low","Female"
34,"Negative",0.004644496024,"Hurtado","Low","Female"
34,"Negative",0.01150503907,"Hurtado","Low","Female"
34,"Negative",0.02720617248,"Hurtado","Low","Female"
34,"Negative",0.02988714574,"Hurtado","Low","Female"
34,"Negative",0.01938168362,"Hurtado","Low","Female"
34,"Negative",0.02528613073,"Hurtado","Low","Female"
34,"Negative",0.03102727518,"Hurtado","Low","Female"
34,"Negative",0.03276338671,"Hurtado","Low","Female"
34,"Negative",0.04361997237,"Hurtado","Low","Female"
34,"Negative",0.01138770928,"Hurtado","Low","Female"
34,"Negative",0.03170684327,"Hurtado","Low","Female"
34,"Negative",0.08758544766,"Hurtado","Low","Female"
34,"Negative",0.0379738214,"Hurtado","Low","Female"
35,"Positive",0.06117020424,"Hurtado","Low","Female"
35,"Negative",0.041669313,"Hurtado","Low","Female"
35,"Negative",0.04858261293,"Hurtado","Low","Female"
35,"Negative",0.034354866,"Hurtado","Low","Female"
35,"Negative",0.02286245145,"Hurtado","Low","Female"
35,"Negative",0.05983460072,"Hurtado","Low","Female"
35,"Negative",0.04504676857,"Hurtado","Low","Female"
35,"Negative",0.03756048662,"Hurtado","Low","Female"
35,"Negative",0.03768092348,"Hurtado","Low","Female"
35,"Negative",0.08918232609,"Hurtado","Low","Female"
35,"Negative",0.02886575964,"Hurtado","Low","Female"
35,"Negative",0.04435096671,"Hurtado","Low","Female"
36,"Positive",0.02923252254,"Hurtado","Low","Male"
36,"Negative",0.01371568438,"Hurtado","Low","Male"
36,"Negative",0.03834826008,"Hurtado","Low","Male"
36,"Positive",0.01211599666,"Hurtado","Low","Male"
36,"Positive",0.01690122687,"Hurtado","Low","Male"
36,"Negative",0.01832945487,"Hurtado","Low","Male"
36,"Negative",0.01988035192,"Hurtado","Low","Male"
36,"Negative",0.0108527345,"Hurtado","Low","Male"
36,"Negative",0.01981441031,"Hurtado","Low","Male"
36,"Negative",0.02043336808,"Hurtado","Low","Male"
36,"Negative",0.01593289582,"Hurtado","Low","Male"
36,"Negative",0.01024369453,"Hurtado","Low","Male"
36,"Negative",0.02459799079,"Hurtado","Low","Male"
